user_id,name,email
1,User_1,user1@mail.com
2,User_2,user2@mail.com
3,User_3,user3@mail.com
4,User_4,user4@mail.com
5,User_5,user5@mail.com
6,User_6,user6@mail.com
7,User_7,user7@mail.com
8,User_8,user8@mail.com
9,User_9,user9@mail.com
10,User_10,user10@mail.com
11,User_11,user11@mail.com
12,User_12,user12@mail.com
13,User_13,user13@mail.com
14,User_14,user14@mail.com
15,User_15,user15@mail.com
16,User_16,user16@mail.com
17,User_17,user17@mail.com
18,User_18,user18@mail.com
19,User_19,user19@mail.com
20,User_20,user20@mail.com
21,User_21,user21@mail.com
22,User_22,user22@mail.com
23,User_23,user23@mail.com
24,User_24,user24@mail.com
25,User_25,user25@mail.com
26,User_26,user26@mail.com
27,User_27,user27@mail.com
28,User_28,user28@mail.com
29,User_29,user29@mail.com
30,User_30,user30@mail.com
31,User_31,user31@mail.com
32,User_32,user32@mail.com
33,User_33,user33@mail.com
34,User_34,user34@mail.com
35,User_35,user35@mail.com
36,User_36,user36@mail.com
37,User_37,user37@mail.com
38,User_38,user38@mail.com
39,User_39,user39@mail.com
40,User_40,user40@mail.com
41,User_41,user41@mail.com
42,User_42,user42@mail.com
43,User_43,user43@mail.com
44,User_44,user44@mail.com
45,User_45,user45@mail.com
46,User_46,user46@mail.com
47,User_47,user47@mail.com
48,User_48,user48@mail.com
49,User_49,user49@mail.com
50,User_50,user50@mail.com
51,User_51,user51@mail.com
52,User_52,user52@mail.com
53,User_53,user53@mail.com
54,User_54,user54@mail.com
55,User_55,user55@mail.com
56,User_56,user56@mail.com
57,User_57,user57@mail.com
58,User_58,user58@mail.com
59,User_59,user59@mail.com
60,User_60,user60@mail.com
61,User_61,user61@mail.com
62,User_62,user62@mail.com
63,User_63,user63@mail.com
64,User_64,user64@mail.com
65,User_65,user65@mail.com
66,User_66,user66@mail.com
67,User_67,user67@mail.com
68,User_68,user68@mail.com
69,User_69,user69@mail.com
70,User_70,user70@mail.com
71,User_71,user71@mail.com
72,User_72,user72@mail.com
73,User_73,user73@mail.com
74,User_74,user74@mail.com
75,User_75,user75@mail.com
76,User_76,user76@mail.com
77,User_77,user77@mail.com
78,User_78,user78@mail.com
79,User_79,user79@mail.com
80,User_80,user80@mail.com
81,User_81,user81@mail.com
82,User_82,user82@mail.com
83,User_83,user83@mail.com
84,User_84,user84@mail.com
85,User_85,user85@mail.com
86,User_86,user86@mail.com
87,User_87,user87@mail.com
88,User_88,user88@mail.com
89,User_89,user89@mail.com
90,User_90,user90@mail.com
91,User_91,user91@mail.com
92,User_92,user92@mail.com
93,User_93,user93@mail.com
94,User_94,user94@mail.com
95,User_95,user95@mail.com
96,User_96,user96@mail.com
97,User_97,user97@mail.com
98,User_98,user98@mail.com
99,User_99,user99@mail.com
100,User_100,user100@mail.com
101,User_101,user101@mail.com
102,User_102,user102@mail.com
103,User_103,user103@mail.com
104,User_104,user104@mail.com
105,User_105,user105@mail.com
106,User_106,user106@mail.com
107,User_107,user107@mail.com
108,User_108,user108@mail.com
109,User_109,user109@mail.com
110,User_110,user110@mail.com
111,User_111,user111@mail.com
112,User_112,user112@mail.com
113,User_113,user113@mail.com
114,User_114,user114@mail.com
115,User_115,user115@mail.com
116,User_116,user116@mail.com
117,User_117,user117@mail.com
118,User_118,user118@mail.com
119,User_119,user119@mail.com
120,User_120,user120@mail.com
121,User_121,user121@mail.com
122,User_122,user122@mail.com
123,User_123,user123@mail.com
124,User_124,user124@mail.com
125,User_125,user125@mail.com
126,User_126,user126@mail.com
127,User_127,user127@mail.com
128,User_128,user128@mail.com
129,User_129,user129@mail.com
130,User_130,user130@mail.com
131,User_131,user131@mail.com
132,User_132,user132@mail.com
133,User_133,user133@mail.com
134,User_134,user134@mail.com
135,User_135,user135@mail.com
136,User_136,user136@mail.com
137,User_137,user137@mail.com
138,User_138,user138@mail.com
139,User_139,user139@mail.com
140,User_140,user140@mail.com
141,User_141,user141@mail.com
142,User_142,user142@mail.com
143,User_143,user143@mail.com
144,User_144,user144@mail.com
145,User_145,user145@mail.com
146,User_146,user146@mail.com
147,User_147,user147@mail.com
148,User_148,user148@mail.com
149,User_149,user149@mail.com
150,User_150,user150@mail.com
151,User_151,user151@mail.com
152,User_152,user152@mail.com
153,User_153,user153@mail.com
154,User_154,user154@mail.com
155,User_155,user155@mail.com
156,User_156,user156@mail.com
157,User_157,user157@mail.com
158,User_158,user158@mail.com
159,User_159,user159@mail.com
160,User_160,user160@mail.com
161,User_161,user161@mail.com
162,User_162,user162@mail.com
163,User_163,user163@mail.com
164,User_164,user164@mail.com
165,User_165,user165@mail.com
166,User_166,user166@mail.com
167,User_167,user167@mail.com
168,User_168,user168@mail.com
169,User_169,user169@mail.com
170,User_170,user170@mail.com
171,User_171,user171@mail.com
172,User_172,user172@mail.com
173,User_173,user173@mail.com
174,User_174,user174@mail.com
175,User_175,user175@mail.com
176,User_176,user176@mail.com
177,User_177,user177@mail.com
178,User_178,user178@mail.com
179,User_179,user179@mail.com
180,User_180,user180@mail.com
181,User_181,user181@mail.com
182,User_182,user182@mail.com
183,User_183,user183@mail.com
184,User_184,user184@mail.com
185,User_185,user185@mail.com
186,User_186,user186@mail.com
187,User_187,user187@mail.com
188,User_188,user188@mail.com
189,User_189,user189@mail.com
190,User_190,user190@mail.com
191,User_191,user191@mail.com
192,User_192,user192@mail.com
193,User_193,user193@mail.com
194,User_194,user194@mail.com
195,User_195,user195@mail.com
196,User_196,user196@mail.com
197,User_197,user197@mail.com
198,User_198,user198@mail.com
199,User_199,user199@mail.com
200,User_200,user200@mail.com
